{
	"class_success_rate" : 
	[
		98.469390869140625,
		99.207046508789062,
		95.155036926269531,
		94.752471923828125,
		94.704681396484375,
		95.403587341308594,
		97.074188232421875,
		93.385215759277344,
		93.22381591796875,
		94.945487976074219
	],
	"confusion_matrix" : 
	[
		[
			965,
			0,
			10,
			1,
			1,
			4,
			9,
			3,
			7,
			6
		],
		[
			1,
			1126,
			3,
			4,
			5,
			3,
			3,
			22,
			5,
			8
		],
		[
			1,
			2,
			982,
			10,
			5,
			2,
			0,
			18,
			5,
			1
		],
		[
			1,
			2,
			4,
			957,
			0,
			12,
			0,
			0,
			16,
			9
		],
		[
			0,
			0,
			5,
			1,
			930,
			1,
			7,
			5,
			9,
			12
		],
		[
			2,
			0,
			0,
			8,
			0,
			851,
			8,
			0,
			7,
			5
		],
		[
			8,
			3,
			7,
			1,
			9,
			6,
			929,
			0,
			1,
			1
		],
		[
			1,
			0,
			10,
			10,
			1,
			2,
			0,
			960,
			7,
			7
		],
		[
			1,
			2,
			9,
			12,
			2,
			8,
			1,
			1,
			908,
			2
		],
		[
			0,
			0,
			2,
			6,
			29,
			3,
			0,
			19,
			9,
			958
		]
	],
	"succes_result" : 95.669563293457031,
	"total_correct" : 9566,
	"total_wrong" : 433
}