{
	"class_success_rate" : 
	[
		98.367347717285156,
		99.118942260742188,
		95.058135986328125,
		95.643562316894531,
		95.51934814453125,
		95.964126586914062,
		96.865203857421875,
		94.357978820800781,
		93.326492309570312,
		94.251731872558594
	],
	"confusion_matrix" : 
	[
		[
			964,
			0,
			9,
			1,
			2,
			4,
			8,
			3,
			7,
			6
		],
		[
			1,
			1125,
			3,
			1,
			4,
			4,
			3,
			20,
			3,
			8
		],
		[
			1,
			2,
			981,
			7,
			3,
			1,
			0,
			13,
			6,
			1
		],
		[
			1,
			2,
			3,
			966,
			0,
			10,
			0,
			0,
			15,
			10
		],
		[
			0,
			0,
			4,
			0,
			938,
			1,
			6,
			6,
			8,
			13
		],
		[
			3,
			1,
			0,
			6,
			0,
			856,
			11,
			0,
			8,
			6
		],
		[
			8,
			3,
			7,
			1,
			10,
			7,
			927,
			0,
			2,
			2
		],
		[
			1,
			1,
			12,
			12,
			3,
			2,
			0,
			970,
			8,
			10
		],
		[
			1,
			1,
			11,
			9,
			2,
			4,
			2,
			1,
			909,
			2
		],
		[
			0,
			0,
			2,
			7,
			20,
			3,
			0,
			15,
			8,
			951
		]
	],
	"succes_result" : 95.879585266113281,
	"total_correct" : 9587,
	"total_wrong" : 412
}