{
	"class_success_rate" : 
	[
		98.7755126953125,
		99.207046508789062,
		97.286819458007812,
		96.039604187011719,
		95.723014831542969,
		95.852020263671875,
		97.910133361816406,
		95.719841003417969,
		93.737167358398438,
		95.540138244628906
	],
	"confusion_matrix" : 
	[
		[
			968,
			0,
			6,
			1,
			2,
			4,
			5,
			0,
			7,
			3
		],
		[
			1,
			1126,
			0,
			2,
			1,
			2,
			3,
			18,
			5,
			7
		],
		[
			1,
			4,
			1004,
			9,
			3,
			0,
			1,
			13,
			5,
			0
		],
		[
			1,
			2,
			1,
			970,
			0,
			11,
			0,
			0,
			7,
			6
		],
		[
			0,
			0,
			3,
			1,
			940,
			2,
			7,
			2,
			8,
			12
		],
		[
			1,
			0,
			1,
			7,
			0,
			855,
			4,
			0,
			11,
			5
		],
		[
			6,
			2,
			4,
			0,
			9,
			7,
			937,
			0,
			4,
			1
		],
		[
			1,
			1,
			10,
			10,
			4,
			2,
			0,
			984,
			8,
			8
		],
		[
			1,
			0,
			2,
			7,
			2,
			5,
			0,
			1,
			913,
			3
		],
		[
			0,
			0,
			1,
			3,
			21,
			4,
			0,
			10,
			6,
			964
		]
	],
	"succes_result" : 96.619659423828125,
	"total_correct" : 9661,
	"total_wrong" : 338
}