{
	"class_success_rate" : 
	[
		98.673469543457031,
		99.118942260742188,
		97.093025207519531,
		96.930694580078125,
		96.741340637207031,
		96.636772155761719,
		98.119125366210938,
		95.817123413085938,
		94.763862609863281,
		94.053520202636719
	],
	"confusion_matrix" : 
	[
		[
			967,
			0,
			5,
			0,
			1,
			4,
			4,
			0,
			8,
			4
		],
		[
			1,
			1125,
			0,
			0,
			0,
			2,
			3,
			17,
			3,
			8
		],
		[
			1,
			4,
			1002,
			5,
			3,
			0,
			1,
			11,
			5,
			1
		],
		[
			1,
			2,
			2,
			979,
			0,
			10,
			0,
			2,
			8,
			9
		],
		[
			0,
			0,
			2,
			0,
			950,
			1,
			4,
			2,
			6,
			15
		],
		[
			2,
			0,
			1,
			9,
			0,
			862,
			6,
			0,
			7,
			4
		],
		[
			6,
			2,
			4,
			0,
			8,
			7,
			939,
			0,
			5,
			1
		],
		[
			1,
			1,
			11,
			9,
			4,
			1,
			0,
			985,
			6,
			13
		],
		[
			1,
			1,
			5,
			7,
			1,
			2,
			0,
			1,
			923,
			5
		],
		[
			0,
			0,
			0,
			1,
			15,
			3,
			0,
			10,
			3,
			949
		]
	],
	"succes_result" : 96.819679260253906,
	"total_correct" : 9681,
	"total_wrong" : 318
}