{
	"class_success_rate" : 
	[
		98.469390869140625,
		99.030838012695312,
		94.96124267578125,
		94.950492858886719,
		96.232177734375,
		95.291481018066406,
		97.387672424316406,
		93.9688720703125,
		93.326492309570312,
		93.95440673828125
	],
	"confusion_matrix" : 
	[
		[
			965,
			0,
			10,
			1,
			1,
			4,
			7,
			1,
			7,
			6
		],
		[
			1,
			1124,
			3,
			1,
			3,
			3,
			3,
			20,
			4,
			8
		],
		[
			1,
			2,
			980,
			10,
			4,
			2,
			0,
			14,
			5,
			1
		],
		[
			1,
			2,
			2,
			959,
			0,
			11,
			0,
			0,
			15,
			10
		],
		[
			0,
			0,
			8,
			0,
			945,
			2,
			6,
			6,
			9,
			12
		],
		[
			3,
			1,
			0,
			6,
			0,
			850,
			9,
			0,
			8,
			6
		],
		[
			6,
			2,
			8,
			1,
			9,
			7,
			932,
			0,
			4,
			1
		],
		[
			1,
			1,
			10,
			13,
			1,
			2,
			0,
			966,
			5,
			15
		],
		[
			2,
			3,
			9,
			13,
			2,
			8,
			0,
			1,
			909,
			2
		],
		[
			0,
			0,
			2,
			6,
			17,
			3,
			0,
			20,
			8,
			948
		]
	],
	"succes_result" : 95.789581298828125,
	"total_correct" : 9578,
	"total_wrong" : 421
}