{
	"class_success_rate" : 
	[
		98.673469543457031,
		99.207046508789062,
		97.093025207519531,
		96.930694580078125,
		96.334014892578125,
		96.636772155761719,
		98.014625549316406,
		95.817123413085938,
		95.379875183105469,
		94.648162841796875
	],
	"confusion_matrix" : 
	[
		[
			967,
			0,
			8,
			0,
			1,
			3,
			6,
			0,
			5,
			3
		],
		[
			1,
			1126,
			0,
			1,
			0,
			2,
			4,
			17,
			3,
			7
		],
		[
			1,
			2,
			1002,
			5,
			2,
			0,
			1,
			11,
			3,
			0
		],
		[
			1,
			2,
			1,
			979,
			0,
			9,
			1,
			1,
			6,
			11
		],
		[
			0,
			0,
			1,
			0,
			946,
			2,
			2,
			2,
			5,
			17
		],
		[
			1,
			0,
			0,
			5,
			0,
			862,
			4,
			0,
			9,
			2
		],
		[
			7,
			2,
			5,
			0,
			10,
			6,
			938,
			0,
			3,
			1
		],
		[
			1,
			1,
			11,
			9,
			5,
			1,
			0,
			985,
			6,
			11
		],
		[
			1,
			2,
			4,
			7,
			2,
			4,
			1,
			1,
			929,
			2
		],
		[
			0,
			0,
			0,
			4,
			16,
			3,
			0,
			11,
			5,
			955
		]
	],
	"succes_result" : 96.899688720703125,
	"total_correct" : 9689,
	"total_wrong" : 310
}