{
	"epsilon" : 0.05000000074505806,
	"gamma" : 0.80000001192092896,
	"path_epochs_count" : 10,
	"path_max_length" : 100
}